{
    "initial_temp": 367.3838793868118,
    "cooling_rate": 0.9996643587198976,
    "max_iter": 541100000,
    "loss_weights": {
        "weight": 20.233523913548712,
        "community": 67.59038411285886,
        "diversity": 13.37186764065644,
        "shortcut": 8841.064519949197
    },
    "resolution": 3.804642996130351
}