{
    "initial_temp": 751.635071124778,
    "cooling_rate": 0.9947983011143967,
    "max_iter": 10000,
    "loss_weights": {
        "weight": 74.54348141121554,
        "community": 35.0176722004442,
        "diversity": 49.568731923485984,
        "depth": 13.082099972065777,
        "shortcut": 7773.200701247771
    },
    "resolution": 1.4768571489223217
}