{
    "initial_temp": 523.811288389372,
    "cooling_rate": 0.9999354992912974,
    "max_iter": 842000000,
    "loss_weights": {
        "weight": 56.25534738366118,
        "community": 52.79400466346663,
        "diversity": 84.48145680096894,
        "depth": 7.09164088043565,
        "shortcut": 6385.938504572712
    },
    "resolution": 1.824671241061498
}