{
    "Best Parameters": {
        "resolution": 0.1861769941127235
    },
    "Best F1-Score": 0.01668565004511634
}